State/ UT Name,Food grains (cereals)-Rice-(Production is Thausand Toones)-2009-10,Food grains (cereals)-Jowar-(Production is Thausand Toones)-2009-10,Food grains (cereals)-Bajra-(Production is Thausand Toones)-2009-10,Food grains (cereals)-Maize-(Production is Thausand Toones)-2009-10,Food grains (cereals)-Ragi-(Production is Thausand Toones)-2009-10,Food grains (cereals)-Small millets-(Production is Thausand Toones)-2009-10,Food grains (cereals)-Wheat-(Production is Thausand Toones)-2009-10,Food grains (cereals)-Barley-(Production is Thausand Toones)-2009-10,Total cereals-(Production is Thausand Toones)-2009-10,Food grains(pulses)-Gram-(Production is Thausand Toones)-2009-10,Food grains(pulses)-Tur-(Production is Thausand Toones)-2009-10,Food grains(pulses)-Other pulses-(Production is Thausand Toones)-2009-10,Food grains(pulses)-Total pulses-(Production is Thausand Toones)-2009-10,Total Food Grains-(Production is Thausand Toones)-2009-10,Oilseeds-Groundnuts-(Production is Thausand Toones)-2009-10,Oilseeds-Sesamum-(Production is Thausand Toones)-2009-10,Oilseeds-Rapeseed and-(Production is Thausand Toones)-2009-10,Oilseeds-Linseed-(Production is Thausand Toones)-2009-10,Oilseeds-Castor seed-(Production is Thausand Toones)-2009-10,Total Oilseeds*-(Production is Thausand Toones)-2009-10,Cotton-(000 Bales)-2009-10,Jute-(000 Bales)-2009-10,Mesta-(000 Bales)-2009-10,Tea-(million kgs)-2009-10,Coffee-(MT)-2009-10,Natural Rubber-(MT)-2009-10,Banana-(000MT)-2009-10,Sugarcane-(000MT)-2009-10,Tobacco-(000MT)-2009-10,Potatoes-(000MT)-2009-10,Black Pepper(P)-(000MT)-2009-10,Chillies (P)-(000MT)-2009-10,Ginger (P)-(000MT)-2009-10,Coconut-(000MT)-2009-10,Turmeric (P)-(000MT)-2009-10,Food grains (cereals)-Rice-(Production is Thausand Toones)-2010-11,Food grains (cereals)-Jowar-(Production is Thausand Toones)-2010-11,Food grains (cereals)-Bajra-(Production is Thausand Toones)-2010-11,Food grains (cereals)-Maize-(Production is Thausand Toones)-2010-11,Food grains (cereals)-Ragi-(Production is Thausand Toones)-2010-11,Food grains (cereals)-Small millets-(Production is Thausand Toones)-2010-11,Food grains (cereals)-Wheat-(Production is Thausand Toones)-2010-11,Food grains (cereals)-Barley-(Production is Thausand Toones)-2010-11,Total cereals-(Production is Thausand Toones)-2010-11,Food grains(pulses)-Gram-(Production is Thausand Toones)-2010-11,Food grains(pulses)-Tur-(Production is Thausand Toones)-2010-11,Food grains(pulses)-Other pulses-(Production is Thausand Toones)-2010-11,Food grains(pulses)-Total pulses-(Production is Thausand Toones)-2010-11,Total Food Grains-(Production is Thausand Toones)-2010-11,Oilseeds-Groundnuts-(Production is Thausand Toones)-2010-11,Oilseeds-Sesamum-(Production is Thausand Toones)-2010-11,Oilseeds-Rapeseed and-(Production is Thausand Toones)-2010-11,Oilseeds-Linseed-(Production is Thausand Toones)-2010-11,Oilseeds-Castor seed-(Production is Thausand Toones)-2010-11,Total Oilseeds-(Production is Thausand Toones)-2010-11,Cotton-(000 Bales)-2010-11,Jute-(000 Bales)-2010-11,Mesta-(000 Bales)-2010-11,Tea-(million kgs)-2010-11,Coffee-(MT)-2010-11,Natural Rubber-(MT)-2010-11,Banana-(000MT)-2010-11,Sugarcane-(000MT)-2010-11,Tobacco-(000MT)-2010-11,Potatoes-(000MT)-2010-11,Black Pepper(P)-(000MT)-2010-11,Chillies (P)-(000MT)-2010-11,Ginger (P)-(000MT)-2010-11,Coconut-(000MT)-2010-11,Turmeric (P)-(000MT)-2010-11,Food grains (cereals)-Rice-(Production is Thausand Toones)-2011-12,Food grains (cereals)-Jowar-(Production is Thausand Toones)-2011-12,Food grains (cereals)-Bajra-(Production is Thausand Toones)-2011-12,Food grains (cereals)-Maize-(Production is Thausand Toones)-2011-12,Food grains (cereals)-Ragi-(Production is Thausand Toones)-2011-12,Food grains (cereals)-Small millets-(Production is Thausand Toones)-2011-12,Food grains (cereals)-Wheat-(Production is Thausand Toones)-2011-12,Food grains (cereals)-Barley-(Production is Thausand Toones)-2011-12,Total cereals-(Production is Thausand Toones)-2011-12,Food grains(pulses)-Gram-(Production is Thausand Toones)-2011-12,Food grains(pulses)-Tur-(Production is Thausand Toones)-2011-12,Food grains(pulses)-Other pulses-(Production is Thausand Toones)-2011-12,Food grains(pulses)-Total pulses-(Production is Thausand Toones)-2011-12,Total Food Grains-(Production is Thausand Toones)-2011-12,Oilseeds-Groundnuts-(Production is Thausand Toones)-2011-12,Oilseeds-Sesamum-(Production is Thausand Toones)-2011-12,Oilseeds-Rapeseed and-(Production is Thausand Toones)-2011-12,Oilseeds-Linseed-(Production is Thausand Toones)-2011-12,Oilseeds-Castorseed-(Production is Thausand Toones)-2011-12,Total Oilseeds-(Production is Thausand Toones)-2011-12,Cotton-(000 Bales)-2011-12,Jute-(000 Bales)-2011-12,Mesta-(000 Bales)-2011-12,Tea-(million kgs)-2011-12,Coffee-(MT)-2011-12,Natural Rubber-(MT)-2011-12,Banana-(000MT)-2011-12,Sugarcane-(000MT)-2011-12,Tobacco-(000MT)-2011-12,Potatoes-(000MT)-2011-12,Black Pepper(P)-(000MT)-2011-12,Chillies (P)-(000MT)-2011-12,Ginger (P)-(000MT)-2011-12,Coconut-(000MT)-2011-12,Turmeric (P)-(000MT)-2011-12,Food grains (cereals)-Rice-(Production is Thausand Toones)-2012-13,Food grains (cereals)-Jowar-(Production is Thausand Toones)-2012-13,Food grains (cereals)-Bajra-(Production is Thausand Toones)-2012-13,Food grains (cereals)-Maize-(Production is Thausand Toones)-2012-13,Food grains (cereals)-Ragi-(Production is Thausand Toones)-2012-13,Food grains (cereals)-Small millets-(Production is Thausand Toones)-2012-13,Food grains (cereals)-Wheat-(Production is Thausand Toones)-2012-13,Food grains (cereals)-Barley-(Production is Thausand Toones)-2012-13,Total cereals-(Production is Thausand Toones)-2012-13,Food grains(pulses)-Gram-(Production is Thausand Toones)-2012-13,Food grains(pulses)-Tur-(Production is Thausand Toones)-2012-13,Food grains(pulses)-Other pulses-(Production is Thausand Toones)-2012-13,Food grains(pulses)-Total pulses-(Production is Thausand Toones)-2012-13,Total Food Grains-(Production is Thausand Toones)-2012-13,Oilseeds-Groundnuts-(Production is Thausand Toones)-2012-13,Oilseeds-Sesamum-(Production is Thausand Toones)-2012-13,Oilseeds-Rapeseed and-(Production is Thausand Toones)-2012-13,Oilseeds-Linseed-(Production is Thausand Toones)-2012-13,Oilseeds-Castorseed-(Production is Thausand Toones)-2012-13,Total Oilseeds-(Production is Thausand Toones)-2012-13,Cotton-(000 Bales)-2012-13,Jute-(000 Bales)-2012-13,Mesta-(000 Bales)-2012-13,Tea-(million kgs)-2012-13,Coffee-(MT)-2012-13,Natural Rubber-(MT)-2012-13,Banana-(000MT)-2012-13,Sugarcane-(000MT)-2012-13,Tobacco-(000MT)-2012-13,Potatoes-(000MT)-2012-13,Black Pepper(P)-(000MT)-2012-13,Chillies (P)-(000MT)-2012-13,Ginger (P)-(000MT)-2012-13,Coconut-(000MT)-2012-13,Turmeric (P)-(000MT)-2012-13,Rice-2013-14,Wheat-2013-14,Jowar-2013-14,Bajra-2013-14,Maize-2013-14,Ragi-2013-14,Small Millets-2013-14,Barley-2013-14,Coarse Cereals-2013-14,Cereals Total-2013-14,Tur-2013-14,Gram-2013-14,Urad-2013-14,Moong Total-2013-14,Other Pulses-2013-14,Pulses Total-2013-14,Food Grains Total-2013-14,Groundnut-2013-14,Castorseed-2013-14,Sesamum-2013-14,Nigerseed-2013-14,Soyabean-2013-14,Sunflower-2013-14,R & M-2013-14,Linseed-2013-14,Safflower-2013-14,Total Oilseeds-2013-14,Sugarcane-2013-14,Cotton*-2013-14,Jute**-2013-14,Mesta**-2013-14,J & M**-2013-14,Guarseed-2013-14,tobacco-2013-14,Sanhemp-2013-14,Tea-2013-14,Coffee(Mn.Kg)-2013-14,Natural Rubber(000 Tonnes)-2013-14,Banana-2013-14,Potato-2013-14,Turmeric--2013-14,Black Pepper-2013-14,Chillies-2013-14,Ginger-2013-14,Coconut-2013-14,Rice-(Th. tonnes)-2014-15,Wheat-(Th. tonnes)-2014-15,Jowar-(Th. tonnes)-2014-15,Bajra-(Th. tonnes)-2014-15,Maize-(Th. tonnes)-2014-15,Ragi-(Th. tonnes)-2014-15,Small Millets Kharif-(Th. tonnes)-2014-15,Barley-(Th. tonnes)-2014-15,Coarse Cereals-(Th. tonnes)-2014-15,Tur-(Th. tonnes)-2014-15,Gram-(Th. tonnes)-2014-15,Urad-(Th. tonnes)-2014-15,Moong-(Th. tonnes)-2014-15,Other Pulses-(Th. tonnes)-2014-15,Pulses-(Th. tonnes)-2014-15,Foodgrains-(Th. tonnes)-2014-15,Groundnut-(Th. tonnes)-2014-15,Castorseed-(Th. tonnes)-2014-15,Sesamum-(Th. tonnes)-2014-15,Nigerseed-(Th. tonnes)-2014-15,Soyabean-(Th. tonnes)-2014-15,Sunflower-(Th. tonnes)-2014-15,R & M-(Th. tonnes)-2014-15,Linseed-(Th. tonnes)-2014-15,Safflower-(Th. tonnes)-2014-15,Total Oilseeds-(Th. tonnes)-2014-15,Sugarcane-(Th. tonnes)-2014-15,Cotton **-(Th. tonnes)-2014-15,Jute ***-(Th. tonnes)-2014-15,Mesta ***-(Th. tonnes)-2014-15,Jute & Mesta***-(Th. tonnes)-2014-15,Tea-(Mkg)-2014-15,Rice-(Th. tonnes)-2015-16,Wheat-(Th. tonnes)-2015-16,Jowar-(Th. tonnes)-2015-16,Bajra-(Th. tonnes)-2015-16,Maize-(Th. tonnes)-2015-16,Ragi-(Th. tonnes)-2015-16,Small Millets Kharif-(Th. tonnes)-2015-16,Barley-(Th. tonnes)-2015-16,Coarse Cereals-(Th. tonnes)-2015-16,Tur-(Th. tonnes)-2015-16,Gram-(Th. tonnes)-2015-16,Urad-(Th. tonnes)-2015-16,Moong-(Th. tonnes)-2015-16,Other Pulses-(Th. tonnes)-2015-16,Pulses-(Th. tonnes)-2015-16,Foodgrains-(Th. tonnes)-2015-16,Groundnut-(Th. tonnes)-2015-16,Castorseed-(Th. tonnes)-2015-16,Sesamum-(Th. tonnes)-2015-16,Nigerseed-(Th. tonnes)-2015-16,Soyabean-(Th. tonnes)-2015-16,Sunflower-(Th. tonnes)-2015-16,R & M-(Th. tonnes)-2015-16,Linseed-(Th. tonnes)-2015-16,Safflower-(Th. tonnes)-2015-16,Total Oilseeds-(Th. tonnes)-2015-16,Sugarcane-(Th. tonnes)-2015-16,Cotton **-(Th. tonnes)-2015-16,Jute ***-(Th. tonnes)-2015-16,Mesta ***-(Th. tonnes)-2015-16,Jute & Mesta***-(Th. tonnes)-2015-16,Tea (P)-(Mkgs)-2015-16,Coffee-(MT)-2015-16
Andhra Pradesh,10538,437,53,2762,53,13,10,NA,13866,846,203,380,1429,15295,1006,20,2,NA,64,1500,3227,NA,192,NA,NA,NA,2820,11708,360,138,NA,831,17,667,364,14418,308,101,3956,50,29,13,NA,18875,720,265,455,1440,20315,1458,26,4,NA,121,1996,5300,NA,224,NA,NA,NA,2775,14964,281,97,NA,638,23,667,467,12895,442,58,3658,40,29,11,NA,17133,520,146,564,1230,18363,844,20,5,NA,52,1265,4900,NA,202,NA,NA,NA,2900,16686,259,98,NA,565,20,1270,485,11510,471,111,4855,45,37,10,NA,17040,762,251,610,1623,18663,1115,21,2,NA,105,1651,7350,NA,128,NA,6,0,3243,15567,268,190,0,685,20,1330,423,12724.71,4,377,78.25,4862.16,46,22,0,5385.41,18114.11,243,843,247,170,48,1551,19665.11,1236,124.16,29,5,395,87,3,0.48,6,1885.64,15385,6956,0,84,84,NA,276,NA,NA,7,0.1,3166.9,51.06,151.91,NA,601.99,1.37,1258.4,7234,NA,286,38,1938,34,14,NA,2310,76,391,298,141,44,950,10494,493,27,28,3,2,40,3,0,1,597,9987,2841,NA,50,50,NA,7490,NA,294,65,1414,34,47,NA,1854,129,500,411,137,51,1228,10572,802,29,14,3,1,23,1,NA,NA,873,9312,2400,NA,41,41,NA,NA
Arunachal Pradesh,216,NA,NA,60,NA,18,5,NA,299,NA,1,9,10,309,NA,1,24,NA,NA,28,NA,NA,NA,4,NA,NA,13,27,NA,32,NA,NA,50,NA,NA,234,NA,NA,65,NA,20,6,NA,325,NA,1,9,9,334,NA,1,24,NA,NA,29,NA,NA,NA,NA,NA,NA,13,29,NA,32,NA,NA,52,NA,NA,255,2,NA,69,NA,22,7,NA,352,NA,1,10,11,363,1,1,28,NA,NA,33,NA,NA,NA,NA,NA,NA,18,30,NA,40,NA,6,53,NA,3,263,NA,NA,68,NA,23,4,NA,359,NA,0,10,11,370,1,NA,24,NA,NA,29,NA,NA,NA,NA,NA,0,18,30,NA,NA,NA,4,57,NA,3,NA,NA,NA,NA,NA,NA,NA,NA,NA,NA,NA,NA,NA,NA,NA,NA,NA,NA,NA,NA,NA,NA,NA,NA,NA,NA,NA,NA,NA,NA,NA,NA,NA,NA,NA,NA,NA,NA,NA,NA,NA,NA,NA,NA,NA,NA,NA,NA,NA,NA,NA,NA,NA,NA,NA,NA,NA,NA,NA,NA,NA,NA,NA,NA,NA,NA,NA,NA,NA,NA,NA,NA,NA,NA,NA,NA,NA,NA,NA,NA,NA,NA,NA,NA,NA,NA,NA,NA,NA,NA,NA,NA,NA,NA,NA,NA,NA,NA,NA,NA,NA,NA,NA,NA,NA,NA,NA,NA,NA,NA
Assam,4336,NA,NA,14,NA,3,64,NA,4417,1,4,59,65,4481,NA,7,129,4,1,145,1,715,20,498,NA,NA,805,1059,NA,590,NA,12,108,101,10,4737,NA,NA,14,NA,3,53,NA,4806,1,5,64,70,4876,NA,7,139,4,1,154,#,625,25,480,NA,NA,724,1075,0,738,NA,12,113,101,11,4516,NA,NA,15,NA,3,60,NA,4595,1,4,64,69,4663,NA,7,135,4,1,149,#,608,31,NA,NA,NA,745,994,NA,783,2,13,125,195,13,5129,NA,NA,21,NA,2,44,NA,5196,1,5,79,84,5281,NA,8,170,4,0,187,#,558,25,NA,NA,12,837,1028,0,975,2,16,137,110,15,4927.12,40.44,0,NA,21.62,NA,3.34,NA,24.96,4992.52,5.64,1.43,31.32,7.81,58.11,104.31,5096.83,0,0.45,8.57,4.49,NA,0,168.98,3.85,NA,186.34,1075.17,NA,717.26,29.29,746.55,NA,NA,NA,629.05,NA,13.6,857.72,700.14,15.78,2.01,16.48,122.31,94.02,5223,29,0,NA,93,NA,3,NA,96,6,2,34,8,61,111,5459,0,1,9,4,NA,0,188,4,NA,206,1099,NA,768,26,793,607,5144,35,NA,NA,64,NA,3,NA,67,5,NA,36,9,56,106,5352,NA,1,9,4,NA,NA,167,4,NA,185,1042,NA,866,25,891,653,NA
Bihar,3599,2,3,1479,8,3,4571,13,9678,58,42,372,472,10151,1,2,89,21,NA,145,NA,1118,159,1,NA,NA,1435,5033,17,5387,NA,NA,NA,NA,NA,3102,3,5,1440,7,4,4098,25,8684,60,37,441,538,9222,NA,2,90,21,NA,136,NA,1165,146,NA,NA,NA,1517,12764,21,5784,NA,NA,NA,NA,NA,7163,4,5,1611,9,4,4725,17,13536,77,34,400,511,14047,1,2,93,20,NA,139,NA,1491,248,NA,NA,NA,1581,11289,19,6102,NA,3,1,98,3,7529,3,5,2476,9,2,5357,15,15397,86,47,409,543,15940,1,2,98,19,0,143,NA,1490,228,NA,NA,NA,1702,12741,21,6641,NA,3,1,97,3,5505.85,4738.03,1.31,3,2112.09,7.14,2.09,14.25,2139.88,12383.75,36.46,70.34,14.14,105.37,295.73,522.04,12905.79,0.91,0.15,1.99,NA,NA,19.79,106.14,15.87,1.32,146.17,12881.78,NA,1498.08,247,1745.08,NA,23.01,1.12,NA,NA,NA,1435.78,6536,3,NA,3,0.84,97.33,6357,3987,2,4,2340,10,2,13,2371,29,57,14,100,294,494,13209,1,0,3,NA,NA,17,93,14,0,127,14034,NA,1419,218,1637,NA,6489,4753,2,4,2397,8,2,14,2427,32,60,14,101,222,429,14097,1,0,3,NA,NA,17,92,15,0,128,14676,NA,1312,272,1584,NA,NA
Chhattisgarh,4110,6,NA,143,2,28,122,2,4414,222,31,236,489,4903,39,9,25,12,NA,200,NA,NA,3,NA,NA,NA,296,29,NA,450,NA,NA,NA,NA,NA,6159,9,NA,186,2,34,127,2,6518,242,24,272,538,7056,42,7,21,10,NA,217,#,NA,3,NA,NA,NA,351,22,NA,526,NA,NA,NA,6,NA,6028,NA,NA,172,2,30,133,2,6371,240,23,236,499,6871,38,8,22,15,NA,169,#,NA,3,NA,NA,NA,382,24,NA,579,NA,3,1,6,1,6609,4,NA,208,2,30,141,1,6995,285,32,331,649,7644,35,6,26,9,NA,215,#,NA,3,NA,NA,NA,413,37,NA,649,NA,8,2,8,1,6716.4,134,3.6,0,229.1,1.6,25.1,3.7,263.1,7113.5,31.2,213.2,32.2,3.8,201.7,482.1,7595.6,37.3,NA,5,11.8,93.5,0.3,26.2,11.1,0.2,185.4,22.1,NA,NA,2.2,2.2,NA,NA,0.4,NA,NA,NA,498.81,556.4,0.84,NA,1.65,1.78,15.21,6322,135,4,0,230,2,28,3,267,34,290,31,4,378,737,7461,36,0,8,11,80,0,26,12,0,174,49,NA,NA,2,2,NA,6094,137,4,0,194,1,15,1,216,30,219,30,7,226,512,6959,34,NA,7,10,69,0,22,8,0,150,68,NA,NA,2,2,NA,NA
Goa,101,NA,NA,1,NA,NA,NA,NA,101,NA,NA,9,9,110,8,NA,NA,NA,NA,8,NA,NA,NA,NA,NA,NA,25,52,NA,NA,NA,NA,NA,88,NA,115,NA,NA,NA,NA,NA,NA,NA,115,NA,NA,8,8,123,8,NA,NA,NA,NA,8,NA,NA,NA,NA,NA,NA,25,49,NA,NA,NA,NA,NA,88,NA,122,NA,NA,NA,NA,NA,NA,NA,122,NA,NA,8,8,130,8,NA,NA,NA,NA,8,NA,NA,NA,NA,NA,NA,26,47,NA,NA,NA,NA,NA,89,NA,123,NA,NA,NA,0,NA,NA,NA,123,NA,NA,9,9,132,7,NA,NA,NA,NA,7,NA,NA,NA,NA,NA,1,26,46,NA,NA,0,NA,NA,84,NA,NA,NA,NA,NA,NA,NA,NA,NA,NA,NA,NA,NA,NA,NA,NA,NA,NA,NA,NA,NA,NA,NA,NA,NA,NA,NA,NA,NA,NA,NA,NA,NA,NA,NA,NA,NA,NA,NA,NA,NA,NA,NA,NA,NA,NA,NA,NA,NA,NA,NA,NA,NA,NA,NA,NA,NA,NA,NA,NA,NA,NA,NA,NA,NA,NA,NA,NA,NA,NA,NA,NA,NA,NA,NA,NA,NA,NA,NA,NA,NA,NA,NA,NA,NA,NA,NA,NA,NA,NA,NA,NA,NA,NA,NA,NA,NA,NA,NA,NA,NA,NA,NA,NA,NA,NA,NA,NA,NA,NA,NA
Gujarat,1292,171,828,533,11,57,2352,NA,5244,125,241,151,517,5761,1757,80,341,NA,831,3097,7986,NA,NA,NA,NA,NA,3780,12400,101,1657,NA,42,48,108,25,1497,139,1091,820,14,38,4020,NA,7619,200,273,250,723,8342,3366,127,349,NA,986,4896,10400,NA,NA,NA,NA,NA,3978,13760,281,1882,NA,48,70,108,28,1790,139,1230,786,13,64,4072,NA,8094,273,257,250,780,8874,2717,117,327,NA,1803,5035,12000,NA,NA,NA,NA,NA,4048,12750,279,2396,NA,69,71,218,50,1541,107,1044,791,14,43,2944,NA,6484,168,270,134,572,7056,758,34,361,NA,1493,2705,8850,NA,NA,NA,NA,NA,4523,12690,212,2500,NA,69,71,222,50,1636,4694,175,1209.64,681,14,41,NA,2120.64,8450.64,209,309,55,106,50,729,9179.64,4917.57,1287.86,121,5,44,0,486,NA,9,6870.43,12550,10150,NA,NA,0,312,240,NA,NA,NA,NA,4225.49,2267.38,50.49,NA,68.53,70.65,203.05,1831,3059,196,771,631,16,31,NA,1645,235,199,47,72,21,574,7109,3018,1456,102,5,43,0,263,NA,NA,4887,14330,10500,NA,NA,0,NA,1670,2484,144,790,572,15,26,NA,1547,237,153,43,71,29,533,6233,2358,1313,67,3,54,0,306,NA,NA,4102,12960,9700,NA,NA,NA,NA,NA
Haryana,3625,36,932,27,NA,NA,10500,137,15257,62,23,15,100,15357,2,1,849,NA,1,878,1926,NA,NA,NA,NA,NA,NA,5335,NA,495,NA,NA,NA,NA,NA,3472,36,1185,19,NA,NA,11630,129,16471,110,27,22,159,16630,2,1,942,NA,1,964,1750,NA,NA,NA,NA,NA,NA,6042,NA,598,NA,NA,NA,NA,NA,3759,33,1177,24,NA,NA,12686,153,17832,72,20,35,127,17959,3,2,747,NA,2,771,2650,NA,NA,NA,NA,NA,NA,6959,NA,618,NA,9,8,NA,18,3976,28,785,23,NA,NA,11117,167,16096,53,16,61,130,16226,3,1,962,NA,1,993,2500,NA,NA,NA,NA,NA,NA,7437,NA,676,NA,4,6,NA,24,3998,11800,40,831,27,NA,NA,153,1051,16849,11,75,0.6,33.4,5.05,125.05,16974.05,6.2,0.1,0.7,NA,NA,12,880,NA,NA,899,7499,2302,NA,NA,0,369,NA,NA,NA,NA,NA,NA,696.51,23.84,NA,4.22,5.65,NA,4006,10354,26,670,18,NA,NA,105,819,7,42,1,3,4,56,15235,4,0,1,NA,NA,32,706,NA,NA,743,7169,2300,NA,NA,0,NA,4145,11352,28,652,17,NA,NA,140,837,5,27,1,5,11,48,16382,5,0,1,NA,NA,38,805,NA,NA,849,6510,1350,NA,NA,NA,NA,NA
Himachal Pradesh,106,NA,NA,543,2,2,327,16,996,NA,NA,21,21,1017,NA,0,3,NA,NA,4,NA,NA,NA,1,NA,NA,NA,46,NA,184,NA,NA,NA,NA,NA,129,NA,NA,671,2,3,547,28,1380,1,NA,41,42,1422,1,1,5,NA,NA,8,#,NA,NA,NA,NA,NA,NA,38,NA,206,NA,NA,NA,NA,NA,132,NA,NA,715,3,3,596,30,1480,1,NA,30,31,1510,NA,1,6,NA,NA,9,NA,NA,NA,NA,NA,NA,NA,28,NA,206,NA,0,17,NA,0,125,NA,1,657,3,4,609,36,1435,0,NA,46,46,1481,0,1,5,0,NA,7,#,NA,NA,NA,NA,NA,0,42,NA,181,NA,0,4,NA,0,120.83,670.72,0,0.42,652.09,1.97,3.18,28.19,685.85,1477.41,NA,0.48,3.56,0.1,46.9,51.04,1528.45,0.03,NA,0.65,NA,0.87,0,4.27,0.28,NA,6.1,35.69,NA,NA,NA,0,NA,NA,NA,NA,NA,NA,0.29,243.26,0.11,NA,0.2,7.64,NA,125,646,0,0,579,2,3,38,622,0,0,4,0,34,38,1432,NA,NA,1,NA,1,0,5,0,NA,7,38,NA,NA,NA,0,NA,119,679,NA,0,671,2,3,31,707,0,1,13,0,18,32,1537,0,NA,2,NA,1,NA,6,0,NA,9,22,NA,NA,NA,NA,NA,NA
Jammu & Kashmir,497,3,11,487,NA,5,290,8,1301,NA,NA,14,14,1314,NA,2,48,NA,NA,50,NA,NA,NA,NA,NA,NA,NA,0,NA,111,NA,NA,NA,NA,NA,508,NA,10,528,NA,5,446,9,1505,NA,NA,17,17,1522,NA,2,51,NA,NA,53,NA,NA,NA,NA,NA,NA,NA,NA,NA,151,NA,NA,NA,NA,NA,545,NA,11,505,NA,8,500,4,1573,NA,NA,13,13,1586,NA,2,51,1,NA,53,NA,NA,NA,NA,NA,NA,NA,NA,NA,127,NA,1,0,NA,0,818,NA,12,512,4,3,462,7,1818,0,NA,14,14,1832,NA,2,49,0,NA,51,NA,NA,NA,NA,NA,NA,NA,NA,NA,127,NA,1,0,NA,0,610.85,601.88,0,8.39,530.53,2.86,2.41,7.1,551.29,1764.02,NA,NA,5.11,0.78,7.96,13.85,1777.87,0.09,NA,2.15,NA,NA,0,56.43,0.15,NA,58.82,0.02,NA,NA,NA,0,NA,NA,0.03,NA,NA,NA,NA,127.24,0.02,NA,0.54,0.04,NA,517,314,0,9,360,4,2,4,380,NA,NA,4,0,5,9,1220,0,NA,2,NA,NA,0,39,0,NA,40,2,NA,NA,NA,0,NA,416,497,0,10,479,4,1,4,499,NA,0,0,1,10,10,1423,0,NA,2,0,NA,NA,38,0,NA,40,2,NA,NA,NA,NA,NA,NA
Jharkhand,1538,NA,NA,191,6,12,173,9,1928,58,53,113,224,2152,11,1,56,9,1,80,NA,1,4,NA,NA,NA,58,447,NA,573,NA,NA,NA,NA,NA,1110,NA,NA,262,5,12,158,NA,1547,74,71,185,330,1877,23,2,72,8,NA,114,NA,1,NA,NA,NA,NA,64,457,NA,656,NA,NA,NA,NA,NA,3131,1,NA,322,8,NA,303,NA,3763,136,103,173,412,4175,20,2,117,13,NA,155,NA,NA,NA,NA,NA,NA,NA,457,NA,652,NA,NA,NA,NA,NA,3165,1,0,452,11,NA,319,NA,3948,162,202,245,609,4558,28,3,146,17,0,197,NA,NA,NA,NA,NA,NA,1,462,NA,660,NA,NA,NA,NA,NA,2810.64,370.37,0.28,0.09,517.03,8.71,NA,NA,526.1,3707.11,205.15,181.73,88.25,10.28,93.21,578.62,4285.73,26.87,0.06,2.08,1.88,0.58,0.38,136.3,14.5,0.22,182.87,462.84,NA,NA,NA,0,NA,NA,NA,NA,NA,NA,1.29,653.12,NA,NA,NA,NA,NA,3362,330,0,0,476,12,NA,NA,488,200,186,83,15,113,597,4777,25,0,2,2,1,0,126,20,0,178,470,NA,NA,NA,0,NA,2882,274,1,0,375,8,NA,NA,385,174,173,72,18,110,547,4088,20,NA,2,2,0,1,139,13,NA,177,709,NA,NA,NA,0,NA,NA
Karnataka,3691,1406,153,3013,1312,11,251,NA,9837,574,282,262,1118,10955,512,31,2,4,12,1005,868,NA,1,6,NA,NA,2132,30443,91,460,4,144,135,1497,66,4188,1467,334,4444,1588,12,279,NA,12312,631,529,405,1565,13877,742,51,2,4,16,1270,1200,NA,1,5,NA,NA,2282,39657,134,401,18,129,168,1497,90,3955,1166,278,4085,1272,12,193,NA,10961,468,354,312,1134,12095,485,31,1,2,14,942,1200,NA,1,NA,NA,NA,2352,38808,106,483,6,153,140,3785,100,3364,1315,285,3475,975,11,179,NA,9604,623,366,270,1259,10863,395,38,1,2,7,920,1255,NA,NA,NA,230,31,2530,35732,67,698,6,107,58,4170,100,3572.56,210,1317,331,3984.51,1180.29,13,NA,6825.8,10608.36,587.51,716,50,81,166,1600.51,12208.87,565,11,23,3,270,253,1,2,34,1162,37905,1875,NA,NA,0,NA,90,NA,5.52,211,35.2,2675.63,539.7,65.41,8.03,111.55,50.05,3469.48,3541,261,1174,248,4214,1298,12,NA,6946,474,674,21,53,168,1390,12138,502,7,22,3,189,206,1,2,27,959,43776,2311,NA,1,1,7,2702,173,1146,147,3269,1132,11,NA,5705,263,897,20,56,153,1389,9969,485,5,22,1,135,165,1,13,40,867,38475,1600,NA,NA,0,6,252
Kerala,598,2,NA,-,NA,NA,NA,NA,600,NA,4,6,10,611,1,NA,NA,NA,NA,1,1,NA,NA,72,NA,NA,406,285,NA,8,46,NA,29,3992,6,523,1,NA,NA,NA,NA,NA,NA,524,NA,3,0,3,527,2,NA,NA,NA,NA,2,#,NA,NA,70,NA,NA,484,272,0,NA,21,NA,33,3992,6,569,NA,NA,NA,NA,NA,NA,NA,570,NA,3,0,3,572,2,NA,NA,NA,NA,2,NA,NA,NA,NA,NA,NA,420,263,NA,5,32,3,32,3974,6,508,0,NA,0,0,0,NA,NA,509,NA,2,1,3,512,1,0,NA,NA,NA,1,#,NA,NA,NA,64,800,516,166,NA,5,42,3,34,3990,7,509.2,NA,0.1,NA,0.1,0.1,0.04,NA,0.34,509.54,0.8,0.4,0,0,2.8,4,513.54,0.87,NA,0.09,NA,NA,0,NA,NA,NA,0.96,221.52,NA,NA,NA,0,NA,NA,NA,63.48,67,648.2,528.21,8.11,6.9,38.67,1.29,21.25,4107.37,562,NA,0,NA,0,0,0,NA,0,0,1,0,0,0,1,564,1,NA,0,NA,0,0,NA,NA,NA,1,149,NA,NA,NA,0,67,558,0,0,NA,0,0,0,NA,0,0,1,0,0,1,2,560,1,NA,0,NA,0,NA,NA,NA,NA,1,138,NA,NA,NA,NA,57,69
Madhya Pradesh,1261,565,248,1045,NA,74,8410,110,11713,3304,308,693,4305,16016,218,87,849,51,NA,7636,855,NA,1,NA,NA,NA,1460,2535,NA,608,NA,91,NA,NA,NA,1772,616,308,1052,NA,88,7627,103,11566,2687,165,534,3386,14952,302,143,855,42,NA,8035,2000,2,2,NA,NA,NA,1720,2667,0,743,NA,91,NA,NA,NA,2227,615,344,1287,NA,82,11539,138,16233,3290,334,538,4162,20395,345,155,870,57,NA,7728,2000,1,1,NA,NA,NA,1379,2677,NA,1817,NA,94,15,NA,1,2775,575,298,1514,0,85,13133,145,18525,3812,351,1002,5166,23690,312,157,919,57,1,9276,2200,1,1,NA,NA,NA,1701,2642,0,2299,NA,94,15,NA,1,2844.82,12937.02,373.3,379.8,1534,0.2,114.53,150,2551.83,18333.67,332,3299.14,226,146.08,641.1,4644.32,22977.99,324.2,1.2,140.12,27.5,5242.45,0,844.3,55,0.1,6634.87,3173.67,1730,1.3,1.2,2.5,NA,0.1,NA,NA,NA,NA,1735,2322.4,0.6,NA,93.57,15,NA,3625,17104,377,445,2128,3,72,104,3129,511,2964,440,124,789,4828,28687,370,1,186,16,6353,0,717,60,21,7724,4567,1750,3,6,9,NA,3579,17689,410,588,2580,32,50,168,3828,625,3265,562,126,539,5117,30213,350,2,197,26,4908,1,700,55,5,6244,5031,2098,5,1,6,NA,NA
Maharashtra,2183,3566,766,1828,109,23,1740,1,10216,1114,919,337,2370,12586,359,15,2,9,2,2814,5859,NA,26,NA,NA,NA,5200,64159,2,198,NA,45,54,120,9,2696,3452,1123,2602,117,29,2301,1,12321,1300,976,824,3100,15421,460,20,3,10,4,5040,8500,NA,28,NA,NA,NA,4303,81896,1,318,NA,72,53,120,67,2841,2693,823,2433,138,34,1313,1,10276,815,871,582,2268,12544,351,15,4,8,3,4485,7200,NA,19,NA,NA,NA,4315,86733,1,360,NA,46,1,120,8,3057,1935,502,1824,139,29,1181,NA,8667,854,966,486,2306,10973,285,12,2,8,5,5087,7655,NA,31,NA,NA,0,3600,69648,1,321,NA,46,1,129,11,3120,1602,2266.78,788,2729.43,142,29,NA,5955.21,10677.21,1034,1622,206,208,99,3169,13846.21,393,5,11,13,4754.93,44,4,8,61,5293.93,76901,8834,NA,35,35,NA,NA,NA,NA,NA,0.4,4830.6,370,11,NA,45.6,1.04,129.02,2946,1308,2109,538,2202,119,37,NA,5005,726,1088,92,84,63,2053,11312,379,4,4,3,2384,33,2,5,36,2850,84699,7000,NA,NA,0,NA,2627,758,1305,338,1511,93,25,NA,3272,468,731,59,72,80,1410,8067,237,4,3,3,2101,6,2,3,16,2375,72255,6500,NA,NA,0,NA,NA
Manipur,320,NA,NA,12,NA,NA,NA,NA,332,NA,NA,7,7,339,NA,1,NA,NA,NA,1,NA,NA,NA,NA,NA,NA,34,21,NA,15,NA,NA,NA,NA,NA,522,NA,NA,42,NA,NA,5,NA,569,NA,NA,24,24,593,1,1,21,NA,NA,27,NA,NA,NA,NA,NA,NA,35,301,NA,15,NA,NA,NA,NA,NA,591,NA,NA,46,NA,NA,5,NA,642,NA,NA,27,27,669,1,1,21,NA,NA,28,NA,NA,NA,NA,NA,NA,82,333,NA,NA,NA,4,4,NA,16,258,NA,NA,45,NA,NA,6,NA,308,1,NA,28,28,337,1,1,30,NA,NA,32,NA,NA,NA,NA,NA,1,88,312,NA,NA,NA,4,4,NA,16,NA,NA,NA,NA,NA,NA,NA,NA,NA,NA,NA,NA,NA,NA,NA,NA,NA,NA,NA,NA,NA,NA,NA,NA,NA,NA,NA,NA,NA,NA,NA,NA,NA,NA,NA,NA,NA,NA,NA,NA,NA,NA,NA,NA,NA,NA,NA,NA,NA,NA,NA,NA,NA,NA,NA,NA,NA,NA,NA,NA,NA,NA,NA,NA,NA,NA,NA,NA,NA,NA,NA,NA,NA,NA,NA,NA,NA,NA,NA,NA,NA,NA,NA,NA,NA,NA,NA,NA,NA,NA,NA,NA,NA,NA,NA,NA,NA,NA,NA,NA,NA,NA,NA,NA,NA,NA,NA,NA,NA,NA
Meghalaya,207,NA,NA,26,NA,2,1,NA,236,NA,1,3,4,239,NA,1,5,NA,NA,7,6,35,18,NA,NA,NA,83,NA,NA,222,NA,NA,NA,NA,10,207,NA,NA,26,NA,2,1,NA,235,NA,1,3,4,238,NA,1,5,NA,NA,7,#,34,18,NA,NA,NA,67,NA,0,162,NA,NA,NA,NA,10,216,NA,NA,27,NA,2,1,NA,245,NA,1,3,4,249,NA,1,5,NA,NA,8,#,34,16,NA,NA,NA,82,NA,NA,165,NA,1,57,NA,10,232,NA,NA,27,NA,2,1,NA,261,0,1,2,4,265,NA,1,5,NA,NA,7,#,35,19,NA,NA,7,84,0,0,173,0,1,57,NA,10,NA,NA,NA,NA,NA,NA,NA,NA,NA,NA,NA,NA,NA,NA,NA,NA,NA,NA,NA,NA,NA,NA,NA,NA,NA,NA,NA,NA,NA,NA,NA,NA,NA,NA,NA,NA,NA,NA,NA,NA,NA,NA,NA,NA,NA,NA,NA,NA,NA,NA,NA,NA,NA,NA,NA,NA,NA,NA,NA,NA,NA,NA,NA,NA,NA,NA,NA,NA,NA,NA,NA,NA,NA,NA,NA,NA,NA,NA,NA,NA,NA,NA,NA,NA,NA,NA,NA,NA,NA,NA,NA,NA,NA,NA,NA,NA,NA,NA,NA,NA,NA,NA,NA,NA,NA,NA,NA,NA,NA,NA
Mizoram,44,NA,NA,12,NA,NA,NA,NA,56,NA,NA,7,7,62,NA,1,NA,NA,NA,3,1,NA,NA,NA,NA,NA,208,12,NA,21,NA,NA,31,NA,23,47,NA,NA,14,NA,NA,NA,NA,61,NA,NA,6,6,67,NA,1,NA,NA,NA,4,#,NA,NA,NA,NA,NA,119,8,0,2,NA,NA,NA,NA,23,54,NA,NA,8,NA,NA,NA,NA,63,NA,NA,5,5,68,NA,1,NA,NA,NA,2,#,NA,NA,NA,NA,NA,119,8,NA,3,NA,48,37,NA,24,30,NA,NA,8,NA,NA,NA,NA,39,NA,NA,3,3,42,NA,1,0,NA,NA,2,#,NA,NA,NA,NA,0,128,7,1,3,0,8,28,0,23,NA,NA,NA,NA,NA,NA,NA,NA,NA,NA,NA,NA,NA,NA,NA,NA,NA,NA,NA,NA,NA,NA,NA,NA,NA,NA,NA,NA,NA,NA,NA,NA,NA,NA,NA,NA,NA,NA,NA,NA,NA,NA,NA,NA,NA,NA,NA,NA,NA,NA,NA,NA,NA,NA,NA,NA,NA,NA,NA,NA,NA,NA,NA,NA,NA,NA,NA,NA,NA,NA,NA,NA,NA,NA,NA,NA,NA,NA,NA,NA,NA,NA,NA,NA,NA,NA,NA,NA,NA,NA,NA,NA,NA,NA,NA,NA,NA,NA,NA,NA,NA,NA,NA,NA,NA,NA,NA,NA,NA,NA
Nagaland,240,NA,NA,73,NA,4,2,NA,319,NA,2,33,35,354,1,2,47,9,NA,85,NA,2,NA,NA,NA,NA,63,153,NA,10,NA,NA,NA,NA,NA,381,NA,1,134,NA,10,5,1,532,1,2,33,36,568,1,2,27,5,NA,66,#,5,3,NA,NA,NA,59,185,NA,10,NA,NA,NA,NA,NA,382,NA,1,134,NA,8,5,1,532,1,2,32,35,567,1,2,27,5,NA,69,#,6,3,NA,NA,NA,166,187,NA,20,NA,1,36,NA,1,405,0,1,135,0,10,6,1,557,1,3,40,44,601,1,2,27,5,0,68,#,6,2,NA,NA,2,80,188,NA,32,0,1,36,10,1,NA,NA,NA,NA,NA,NA,NA,NA,NA,NA,NA,NA,NA,NA,NA,NA,NA,NA,NA,NA,NA,NA,NA,NA,NA,NA,NA,NA,NA,NA,NA,NA,NA,NA,NA,NA,NA,NA,NA,NA,NA,NA,NA,NA,NA,NA,NA,NA,NA,NA,NA,NA,NA,NA,NA,NA,NA,NA,NA,NA,NA,NA,NA,NA,NA,NA,NA,NA,NA,NA,NA,NA,NA,NA,NA,NA,NA,NA,NA,NA,NA,NA,NA,NA,NA,NA,NA,NA,NA,NA,NA,NA,NA,NA,NA,NA,NA,NA,NA,NA,NA,NA,NA,NA,NA,NA,NA,NA,NA,NA
Odisha,6918,6,2,175,38,10,6,NA,7154,34,112,254,399,7553,89,11,3,12,10,172,147,30,82,NA,NA,NA,400,490,3,179,NA,64,118,190,189,6828,5,2,299,47,7,4,NA,7192,33,124,270,427,7619,86,12,3,10,9,180,250,36,77,NA,NA,NA,489,903,2,191,NA,70,127,190,203,5807,5,2,212,31,9,NA,NA,6069,30,115,198,343,6412,79,5,2,12,8,166,325,32,69,NA,NA,NA,506,885,2,201,NA,70,35,258,36,7295,5,2,228,44,9,2,NA,7584,32,128,264,424,8009,82,5,4,12,8,170,400,17,67,NA,NA,0,521,952,1,201,NA,70,35,262,30,7613.41,1.07,4.66,1.85,263.63,45.84,9.7,NA,325.68,7940.16,124.44,36.21,26.33,88.69,143.59,419.26,8359.42,86.77,8.13,5.61,23.29,0.16,29.69,3.62,10.96,0.53,168.76,936.51,299,19.81,62.52,82.33,NA,NA,31.35,NA,NA,0.3,476.6,249.76,30,NA,70,35,223.63,8298,1,4,1,188,38,10,NA,242,124,36,28,105,147,439,8981,62,7,7,25,1,26,2,11,0,141,723,400,10,58,68,NA,5878,1,4,1,111,28,13,NA,157,123,30,195,84,123,554,6590,55,7,4,23,NA,19,2,5,0,115,577,400,15,42,57,NA,NA
Punjab,11236,NA,4,475,NA,1,15169,47,26932,3,4,10,18,26950,3,3,39,NA,NA,83,2006,NA,NA,NA,NA,NA,6,3700,NA,2117,NA,17,NA,NA,NA,10837,NA,3,491,NA,NA,16472,44,27847,3,4,11,19,27866,4,2,41,NA,NA,72,2100,NA,NA,NA,NA,NA,10,4170,NA,2088,NA,18,NA,NA,NA,10542,NA,3,502,NA,NA,17280,47,28374,2,3,10,15,28389,3,2,37,NA,NA,68,2300,NA,NA,NA,NA,NA,12,5653,NA,2104,NA,18,NA,NA,NA,11374,NA,3,475,NA,NA,16591,47,28490,3,3,47,53,28543,3,2,41,NA,NA,69,2000,NA,NA,NA,NA,NA,10,5919,NA,2132,NA,18,NA,NA,NA,11267,17620,0,0.8,507,NA,NA,46,553.8,29440.8,2.6,2.3,1,31.8,1.9,39.6,29480.4,2.4,NA,1.4,NA,NA,18.6,41.8,NA,NA,64.2,6675,1968,NA,NA,0,30.4,NA,NA,NA,NA,NA,9.32,2189.16,2.71,NA,17.7,NA,NA,11107,15050,0,NA,460,NA,NA,39,499,2,2,1,33,3,42,26698,3,NA,1,NA,NA,15,39,NA,NA,58,7039,1600,NA,NA,0,NA,11823,16081,0,NA,424,NA,NA,36,460,3,2,1,34,4,44,28408,2,NA,2,NA,NA,13,45,NA,NA,61,6576,450,NA,NA,NA,NA,NA
Rajasthan,228,104,2035,1146,NA,3,7501,620,11636,535,7,172,714,12350,355,97,2948,7,86,4407,903,NA,NA,NA,NA,NA,1,345,1,96,NA,14,NA,NA,NA,266,509,4567,2053,NA,9,7215,955,15573,1601,16,1643,3260,18833,681,223,4370,2,211,6605,900,NA,NA,NA,NA,NA,1,368,0,76,NA,14,NA,NA,NA,253,410,4593,1667,NA,5,9320,789,17038,1061,13,1358,2432,19470,805,166,2976,1,410,5745,1335,NA,NA,NA,NA,NA,1,451,1,178,NA,18,0,NA,0,223,420,3877,1755,NA,8,9275,853,16410,1277,15,665,1957,18368,617,122,3815,1,341,6365,1400,NA,NA,NA,NA,NA,1,402,1,107,NA,18,0,NA,0,312.56,8663.23,356.67,3627.47,1502.19,NA,4.51,942.03,6432.87,15408.66,9.41,1640.39,70.56,391.2,379.33,2490.89,17899.55,900.93,286.14,72.05,NA,974.65,0,3797.14,2.85,NA,6033.76,362.88,1287,NA,NA,0,2873.88,0.59,362.88,NA,NA,NA,0.64,113.25,0.39,NA,11.28,0.25,NA,367,9824,505,4456,1551,NA,5,962,7479,10,911,112,461,458,1952,19622,1011,335,112,NA,957,0,2896,3,NA,5314,409,1527,NA,NA,0,NA,370,9871,344,3527,1210,NA,7,819,5907,7,803,115,603,426,1953,18101,1056,270,115,NA,999,0,3269,2,NA,5711,451,1320,NA,NA,0,NA,NA
Sikkim,24,NA,NA,66,5,2,6,1,104,NA,NA,13,13,117,NA,NA,5,NA,NA,9,NA,NA,NA,NA,NA,NA,3,NA,NA,44,NA,NA,36,NA,NA,21,NA,NA,66,3,5,3,1,99,NA,NA,12,12,111,NA,NA,4,NA,NA,8,NA,NA,NA,NA,NA,NA,3,NA,NA,46,NA,NA,36,NA,NA,21,NA,NA,66,4,3,3,1,97,NA,NA,6,6,103,NA,NA,4,NA,NA,8,NA,NA,NA,NA,NA,NA,4,NA,NA,47,NA,NA,48,NA,3,21,NA,NA,68,3,6,1,1,100,NA,NA,6,6,106,NA,NA,4,NA,NA,7,NA,NA,NA,NA,NA,NA,4,NA,NA,49,NA,NA,52,NA,5,NA,NA,NA,NA,NA,NA,NA,NA,NA,NA,NA,NA,NA,NA,NA,NA,NA,NA,NA,NA,NA,NA,NA,NA,NA,NA,NA,NA,NA,NA,NA,NA,NA,NA,NA,NA,NA,NA,NA,NA,NA,NA,NA,NA,NA,NA,NA,NA,NA,NA,NA,NA,NA,NA,NA,NA,NA,NA,NA,NA,NA,NA,NA,NA,NA,NA,NA,NA,NA,NA,NA,NA,NA,NA,NA,NA,NA,NA,NA,NA,NA,NA,NA,NA,NA,NA,NA,NA,NA,NA,NA,NA,NA,NA,NA,NA,NA,NA,NA,NA,NA,NA,NA,NA,NA,NA,NA,NA,NA,NA
Tamil Nadu,5665,222,82,1144,163,31,NA,NA,7307,5,20,179,204,7511,890,29,NA,NA,2,940,225,NA,NA,179,NA,NA,4981,29746,11,90,1,31,NA,3692,169,5792,247,77,1028,171,34,NA,NA,7349,5,24,218,246,7595,896,25,NA,NA,2,933,450,NA,NA,169,NA,NA,8253,34252,8,97,9,22,NA,3692,278,7459,253,115,1696,225,37,NA,NA,9783,6,31,332,369,10152,1061,26,NA,NA,2,1114,450,NA,NA,NA,NA,NA,6736,38576,5,105,1,30,7,4516,326,4050,165,57,946,138,27,NA,446,5383,5,31,174,210,5593,783,17,0,NA,2,817,500,NA,5,NA,17,25,5136,33919,6,105,1,23,4,4761,190,5349.76,NA,449.57,117.43,1855.14,362.34,35.18,NA,2819.66,8169.42,57.67,5.82,310.66,151.4,88.24,613.79,8783.21,915.89,1.99,33.71,0,0,12.5,0.14,NA,NA,964.23,32454.14,408,NA,NA,0,NA,5.69,NA,174.71,19,25,5650,115.63,461.99,0.98,23.06,7.01,4760.67,5728,NA,513,178,2068,350,35,NA,3143,77,4,359,181,132,753,9624,926,2,45,NA,NA,13,0,NA,NA,985,28093,686,NA,NA,0,167,7983,NA,548,149,2383,267,39,NA,3386,57,3,280,134,98,573,11941,882,2,27,NA,NA,9,0,NA,NA,919,26497,369,NA,NA,0,161,17
Tripura,640,NA,NA,2,NA,NA,1,NA,643,NA,1,4,5,648,1,1,1,NA,NA,3,1,4,6,7,NA,NA,106,45,NA,99,NA,NA,NA,8,6,702,NA,NA,4,NA,NA,1,NA,707,NA,1,4,5,712,1,1,2,NA,NA,3,#,4,7,NA,NA,NA,125,47,0,110,NA,NA,NA,8,10,718,213,NA,NA,NA,NA,1,NA,724,NA,1,5,6,730,1,1,2,NA,NA,4,#,6,5,NA,NA,NA,125,45,NA,123,NA,4,8,18,7,713,NA,NA,5,NA,NA,1,NA,719,0,1,5,6,725,1,NA,2,NA,NA,2,#,5,83,NA,NA,33,134,45,NA,149,0,4,8,19,7,NA,NA,NA,NA,NA,NA,NA,NA,NA,NA,NA,NA,NA,NA,NA,NA,NA,NA,NA,NA,NA,NA,NA,NA,NA,NA,NA,NA,NA,NA,NA,NA,NA,NA,NA,NA,NA,NA,NA,NA,NA,NA,NA,NA,NA,NA,NA,NA,NA,NA,NA,NA,NA,NA,NA,NA,NA,NA,NA,NA,NA,NA,NA,NA,NA,NA,NA,NA,NA,NA,NA,NA,NA,NA,NA,NA,NA,NA,NA,NA,NA,NA,NA,NA,NA,NA,NA,NA,NA,NA,NA,NA,NA,NA,NA,NA,NA,NA,NA,NA,NA,NA,NA,NA,NA,NA,NA,NA,NA,NA
Uttar Pradesh,10807,169,1389,1039,1,9,27518,362,41294,509,202,1190,1901,43195,61,34,682,15,NA,816,5,NA,NA,NA,NA,NA,1139,117140,58,13447,NA,NA,NA,NA,NA,11992,207,1557,1114,NA,6,30001,334,45211,530,309,1198,2037,47248,84,66,717,29,NA,919,#,NA,NA,NA,NA,NA,1346,120545,51,13577,NA,NA,NA,NA,NA,14022,NA,1633,1308,NA,8,30293,404,47881,684,334,1385,2403,50284,92,75,726,14,NA,935,#,NA,NA,NA,NA,NA,1346,128819,53,14125,NA,11,2,NA,6,14416,248,1758,1234,NA,9,30302,NA,48413,676,325,1331,2332,50745,94,64,836,13,NA,1031,#,NA,NA,NA,NA,NA,111,132428,51,14430,NA,10,4,NA,6,14636,29890.88,173,1868,1306.18,NA,6,450,3803.18,48330.07,271,475.45,248,39,664,1697.45,50027.51,86,NA,43,NA,15,5,736.81,10,NA,895.81,134688.62,NA,NA,NA,0,NA,143,1,NA,NA,NA,1599.02,13808.76,6,NA,11.11,4.17,NA,12168,22417,163,1808,1279,NA,5,315,3570,174,368,302,46,549,1439,39594,84,NA,64,NA,38,4,582,15,NA,787,133061,NA,NA,NA,0,NA,12509,26874,105,1775,1255,NA,5,269,3409,183,216,253,44,523,1219,44011,65,NA,165,NA,19,5,602,8,NA,864,145385,NA,NA,NA,NA,NA,NA
Uttarakhand,608,NA,NA,38,163,70,845,26,1750,1,2,43,46,1796,2,1,12,NA,NA,33,NA,NA,NA,NA,NA,NA,NA,5842,NA,432,NA,NA,40,NA,6,550,NA,NA,43,171,92,878,30,1763,NA,1,51,52,1815,1,1,11,1,NA,28,NA,NA,NA,NA,NA,NA,NA,6498,NA,424,NA,NA,42,NA,7,594,NA,NA,41,174,88,878,28,1803,1,2,46,49,1852,1,1,13,NA,NA,33,NA,NA,NA,NA,NA,NA,32,6311,NA,434,NA,7,12,NA,6,580,NA,NA,40,174,94,858,31,1777,0,2,48,51,1828,1,1,17,0,NA,40,NA,NA,NA,NA,NA,NA,NA,6785,NA,434,NA,7,23,NA,2,578.58,842.41,0,NA,35.47,153.9,78.1,31.47,298.94,1719.93,2.73,0.66,11.52,0,41.61,56.52,1776.45,1.2,NA,0.54,NA,22.07,0,10.26,NA,NA,34.07,5939.8,NA,NA,NA,0,NA,NA,NA,NA,NA,NA,NA,409.62,2.49,NA,7.2,23.44,NA,604,654,0,NA,51,156,83,24,314,3,1,10,0,40,55,1626,1,NA,0,NA,17,0,12,NA,NA,30,6165,NA,NA,NA,0,NA,630,761,0,NA,39,151,75,18,283,3,NA,9,0,39,51,1725,2,NA,NA,NA,18,0,16,NA,NA,36,5976,NA,NA,NA,NA,NA,NA
West Bengal,14341,1,NA,385,14,2,847,2,15591,24,1,125,150,15742,113,153,443,1,NA,727,3,9325,75,223,NA,NA,982,1001,21,8880,NA,96,24,245,36,13046,NA,NA,352,14,2,874,3,14291,24,2,149,176,14467,103,169,420,1,NA,704,#,8138,77,230,NA,NA,1010,1134,21,13391,NA,96,25,245,38,14606,NA,NA,364,8,1,873,NA,15855,24,1,106,131,15986,106,167,381,2,NA,672,#,8559,64,NA,NA,NA,1054,1681,27,9693,NA,100,25,253,42,15024,1,NA,417,12,2,896,4,16354,30,2,161,192,16547,171,185,475,1,0,851,#,8228,NA,NA,NA,0,1078,1617,28,11591,NA,100,25,254,42,15370.73,927.84,0.01,0.04,522.4,11.07,1.51,3.6,538.63,16837.19,2.12,29.27,63.27,28.82,118.24,241.73,17078.92,200.49,0.06,205.02,2.8,0.41,20,478.08,2,1,909.86,1945.04,NA,8771.76,110.67,8882.43,NA,NA,NA,312.1,NA,0.33,1097.5,9030,42,NA,100,25,255.22,14677,939,0,0,663,11,2,3,679,3,31,53,26,124,236,16532,180,0,214,3,0,22,480,2,1,901,2106,NA,8341,113,8454,324,15749,960,0,0,720,13,1,4,738,4,37,55,41,194,330,17776,200,0,214,3,0,17,499,2,1,937,2075,NA,7667,110,7777,330,NA
Telangana,NA,NA,NA,NA,NA,NA,NA,NA,NA,NA,NA,NA,NA,NA,NA,NA,NA,NA,NA,NA,NA,NA,NA,NA,NA,NA,NA,NA,NA,NA,NA,NA,NA,NA,NA,NA,NA,NA,NA,NA,NA,NA,NA,NA,NA,NA,NA,NA,NA,NA,NA,NA,NA,NA,NA,NA,NA,NA,NA,NA,NA,NA,NA,NA,NA,NA,NA,NA,NA,NA,NA,NA,NA,NA,NA,NA,NA,NA,NA,NA,NA,NA,NA,NA,NA,NA,NA,NA,NA,NA,NA,NA,NA,NA,NA,NA,NA,NA,NA,NA,NA,NA,NA,NA,NA,NA,NA,NA,NA,NA,NA,NA,NA,NA,NA,NA,NA,NA,NA,NA,NA,NA,NA,NA,NA,NA,NA,NA,NA,NA,NA,NA,NA,NA,NA,NA,NA,NA,NA,NA,NA,NA,NA,NA,NA,NA,NA,NA,NA,NA,NA,NA,NA,NA,NA,NA,NA,NA,NA,NA,NA,NA,NA,NA,NA,NA,NA,NA,NA,NA,NA,NA,NA,NA,NA,NA,NA,NA,NA,NA,NA,NA,NA,NA,NA,4441,7,83,11,2308,2,0,NA,2404,109,81,16,44,13,263,7115,296,30,10,0,262,25,4,NA,3,630,3343,3800,NA,1,1,NA,2960,5,73,6,1736,1,1,NA,1817,104,49,18,57,15,243,5025,206,17,3,NA,252,15,1,NA,2,496,2415,3860,NA,NA,0,NA,NA
A & N Island,25,NA,NA,NA,NA,NA,NA,NA,25,NA,NA,2,2,27,NA,NA,NA,NA,NA,NA,NA,NA,NA,NA,NA,NA,15,2,NA,NA,NA,NA,NA,56,NA,24,NA,NA,NA,NA,NA,NA,NA,24,NA,NA,1,1,25,NA,NA,NA,NA,NA,NA,NA,NA,NA,NA,NA,NA,17,2,NA,NA,NA,NA,NA,65,NA,24,NA,NA,NA,NA,NA,NA,NA,24,NA,NA,1,1,25,NA,NA,NA,NA,NA,NA,NA,NA,NA,NA,NA,NA,20,3,NA,NA,NA,1,2,72,0,22,NA,NA,0,NA,NA,NA,NA,22,NA,NA,1,1,22,NA,NA,NA,NA,NA,NA,NA,NA,NA,NA,NA,0,18,NA,NA,NA,0,1,2,89,0,NA,NA,NA,NA,NA,NA,NA,NA,NA,NA,NA,NA,NA,NA,NA,NA,NA,NA,NA,NA,NA,NA,NA,NA,NA,NA,NA,NA,NA,NA,NA,NA,NA,NA,NA,NA,NA,NA,NA,NA,NA,NA,NA,NA,NA,NA,NA,NA,NA,NA,NA,NA,NA,NA,NA,NA,NA,NA,NA,NA,NA,NA,NA,NA,NA,NA,NA,NA,NA,NA,NA,NA,NA,NA,NA,NA,NA,NA,NA,NA,NA,NA,NA,NA,NA,NA,NA,NA,NA,NA,NA,NA,NA,NA,NA,NA,NA,NA,NA,NA,NA,NA,NA,NA,NA,NA,NA,NA,NA,NA
Chandigarh,NA,NA,NA,NA,NA,NA,NA,NA,NA,NA,NA,NA,NA,NA,NA,NA,NA,NA,NA,NA,NA,NA,NA,NA,NA,NA,NA,NA,NA,NA,NA,NA,NA,NA,NA,NA,NA,NA,NA,NA,NA,NA,NA,NA,NA,NA,NA,NA,0,NA,NA,NA,NA,NA,NA,NA,NA,NA,NA,NA,NA,NA,NA,NA,NA,NA,NA,NA,NA,NA,NA,NA,NA,NA,NA,NA,NA,NA,NA,NA,NA,NA,NA,NA,NA,NA,NA,NA,NA,NA,NA,NA,NA,NA,NA,NA,NA,NA,NA,NA,NA,NA,NA,NA,NA,NA,NA,NA,NA,NA,NA,NA,NA,NA,NA,NA,NA,NA,NA,NA,NA,NA,NA,NA,NA,NA,NA,NA,NA,NA,NA,NA,NA,NA,NA,NA,NA,NA,NA,NA,NA,NA,NA,NA,NA,NA,NA,NA,NA,NA,NA,NA,NA,NA,NA,NA,NA,NA,NA,NA,NA,NA,NA,NA,NA,NA,NA,NA,NA,NA,NA,NA,NA,NA,NA,NA,NA,NA,NA,NA,NA,NA,NA,NA,NA,NA,NA,NA,NA,NA,NA,NA,NA,NA,NA,NA,NA,NA,NA,NA,NA,NA,NA,NA,NA,NA,NA,NA,NA,NA,NA,NA,NA,NA,NA,NA,NA,NA,NA,NA,NA,NA,NA,NA,NA,NA,NA,NA,NA,NA,NA,NA,NA,NA,NA,NA,NA,NA,NA,NA,NA,NA,NA,NA,NA,NA,NA,NA,NA,NA
Dadra & Nagar Haveli,14,1,NA,NA,1,NA,1,NA,17,NA,1,4,5,21,NA,NA,NA,NA,NA,NA,NA,NA,NA,NA,NA,NA,1,NA,NA,NA,NA,NA,NA,NA,NA,21,NA,NA,NA,2,NA,NA,NA,24,NA,2,4,6,30,NA,NA,NA,NA,NA,NA,NA,NA,NA,NA,NA,NA,NA,NA,NA,NA,NA,NA,NA,NA,NA,19,NA,NA,NA,NA,NA,NA,NA,21,NA,1,3,4,25,NA,NA,NA,NA,NA,NA,NA,NA,NA,NA,NA,NA,NA,53,NA,NA,NA,NA,NA,NA,NA,27,0,NA,NA,1,0,0,NA,29,0,1,4,5,34,NA,0,NA,NA,NA,0,NA,NA,NA,NA,NA,NA,NA,53,NA,NA,NA,NA,NA,NA,NA,NA,NA,NA,NA,NA,NA,NA,NA,NA,NA,NA,NA,NA,NA,NA,NA,NA,NA,NA,NA,NA,NA,NA,NA,NA,NA,NA,NA,NA,NA,NA,NA,NA,NA,NA,NA,NA,NA,NA,NA,NA,NA,NA,NA,NA,NA,NA,NA,NA,NA,NA,NA,NA,NA,NA,NA,NA,NA,NA,NA,NA,NA,NA,NA,NA,NA,NA,NA,NA,NA,NA,NA,NA,NA,NA,NA,NA,NA,NA,NA,NA,NA,NA,NA,NA,NA,NA,NA,NA,NA,NA,NA,NA,NA,NA,NA,NA,NA,NA,NA,NA,NA,NA,NA,NA,NA,NA,NA,NA,NA
Daman & Diu,3,NA,1,NA,NA,NA,NA,NA,4,NA,NA,1,1,5,NA,NA,NA,NA,NA,NA,NA,NA,NA,NA,NA,NA,NA,NA,NA,NA,NA,NA,NA,NA,NA,3,NA,NA,NA,NA,NA,NA,NA,4,NA,NA,1,1,5,NA,NA,NA,NA,NA,NA,NA,NA,NA,NA,NA,NA,NA,NA,NA,NA,NA,NA,NA,NA,NA,3,NA,NA,NA,NA,NA,NA,NA,3,NA,NA,NA,NA,3,NA,NA,NA,NA,NA,NA,NA,NA,NA,NA,NA,NA,NA,NA,NA,NA,NA,NA,NA,NA,NA,3,NA,0,NA,NA,NA,NA,NA,4,NA,NA,NA,NA,4,NA,NA,NA,NA,NA,NA,NA,NA,NA,NA,NA,NA,NA,NA,NA,NA,NA,NA,NA,NA,NA,NA,NA,NA,NA,NA,NA,NA,NA,NA,NA,NA,NA,NA,NA,NA,NA,NA,NA,NA,NA,NA,NA,NA,NA,NA,NA,NA,NA,NA,NA,NA,NA,NA,NA,NA,NA,NA,NA,NA,NA,NA,NA,NA,NA,NA,NA,NA,NA,NA,NA,NA,NA,NA,NA,NA,NA,NA,NA,NA,NA,NA,NA,NA,NA,NA,NA,NA,NA,NA,NA,NA,NA,NA,NA,NA,NA,NA,NA,NA,NA,NA,NA,NA,NA,NA,NA,NA,NA,NA,NA,NA,NA,NA,NA,NA,NA,NA,NA,NA,NA,NA,NA,NA,NA,NA,NA,NA,NA,NA,NA
Delhi,19,3,NA,NA,NA,NA,93,NA,125,NA,1,NA,1,116,NA,NA,5,NA,NA,5,NA,NA,NA,NA,NA,NA,NA,NA,NA,34,NA,NA,NA,NA,NA,19,3,5,4,NA,NA,111,NA,153,NA,1,NA,1,154,NA,NA,1,NA,NA,1,NA,NA,NA,NA,NA,NA,NA,NA,NA,18,NA,NA,NA,NA,NA,20,3,3,1,NA,NA,85,NA,111,NA,1,0,1,112,NA,NA,5,NA,NA,5,NA,NA,NA,NA,NA,NA,NA,NA,NA,17,NA,NA,NA,NA,NA,20,3,2,0,NA,NA,65,0,90,0,1,0,1,90,NA,NA,9,NA,NA,9,NA,NA,NA,NA,NA,NA,NA,NA,NA,15,NA,NA,NA,NA,NA,NA,NA,NA,NA,NA,NA,NA,NA,NA,NA,NA,NA,NA,NA,NA,NA,NA,NA,NA,NA,NA,NA,NA,NA,NA,NA,NA,NA,NA,NA,NA,NA,NA,NA,NA,NA,NA,NA,NA,NA,NA,NA,NA,NA,NA,NA,NA,NA,NA,NA,NA,NA,NA,NA,NA,NA,NA,NA,NA,NA,NA,NA,NA,NA,NA,NA,NA,NA,NA,NA,NA,NA,NA,NA,NA,NA,NA,NA,NA,NA,NA,NA,NA,NA,NA,NA,NA,NA,NA,NA,NA,NA,NA,NA,NA,NA,NA,NA,NA,NA,NA,NA,NA,NA,NA,NA,NA,NA,NA,NA
Lakshadweep,NA,NA,NA,NA,NA,NA,NA,NA,NA,NA,NA,NA,NA,NA,NA,NA,NA,NA,NA,NA,NA,NA,NA,NA,NA,NA,NA,NA,NA,NA,NA,NA,NA,40,NA,NA,NA,NA,NA,NA,NA,NA,NA,NA,NA,NA,NA,NA,0,NA,NA,NA,NA,NA,NA,NA,NA,NA,NA,NA,NA,NA,NA,NA,NA,NA,NA,NA,40,NA,NA,NA,NA,NA,NA,NA,NA,NA,NA,NA,NA,NA,NA,NA,NA,NA,NA,NA,NA,NA,NA,NA,NA,NA,NA,NA,NA,NA,NA,NA,NA,NA,NA,49,NA,NA,NA,NA,0,NA,NA,NA,NA,NA,NA,NA,NA,NA,NA,NA,NA,NA,NA,NA,NA,NA,NA,NA,NA,NA,NA,0,NA,NA,NA,NA,NA,NA,49,NA,NA,NA,NA,NA,NA,NA,NA,NA,NA,NA,NA,NA,NA,NA,NA,NA,NA,NA,NA,NA,NA,NA,NA,NA,NA,NA,NA,NA,NA,NA,NA,NA,NA,NA,NA,NA,NA,NA,NA,NA,NA,NA,NA,NA,NA,NA,NA,NA,NA,NA,NA,NA,NA,NA,NA,NA,NA,NA,NA,NA,NA,NA,NA,NA,NA,NA,NA,NA,NA,NA,NA,NA,NA,NA,NA,NA,NA,NA,NA,NA,NA,NA,NA,NA,NA,NA,NA,NA,NA,NA,NA,NA,NA,NA,NA,NA,NA,NA,NA,NA,NA,NA,NA,NA,NA,NA,NA,NA,NA,NA
Puducherry,52,NA,NA,NA,NA,NA,NA,NA,52,NA,NA,NA,NA,53,1,NA,NA,NA,NA,1,NA,NA,NA,NA,NA,NA,17,247,NA,NA,NA,NA,NA,20,NA,52,NA,NA,NA,NA,NA,NA,NA,52,NA,NA,NA,1,53,1,NA,NA,NA,NA,1,NA,NA,NA,NA,NA,NA,10,278,NA,NA,NA,NA,NA,20,NA,42,NA,NA,NA,NA,NA,NA,NA,42,NA,NA,1,1,43,1,NA,NA,NA,NA,1,#,NA,NA,NA,NA,NA,7,288,NA,NA,NA,0,NA,20,0,47,NA,0,NA,0,NA,NA,NA,47,NA,NA,1,1,48,1,0,NA,NA,NA,1,#,NA,NA,NA,NA,NA,5,305,NA,NA,0,0,NA,23,0,NA,NA,NA,NA,NA,NA,NA,NA,NA,NA,NA,NA,NA,NA,NA,NA,NA,NA,NA,NA,NA,NA,NA,NA,NA,NA,NA,NA,NA,NA,NA,NA,NA,NA,NA,NA,NA,NA,NA,NA,NA,NA,NA,NA,NA,NA,NA,NA,NA,NA,NA,NA,NA,NA,NA,NA,NA,NA,NA,NA,NA,NA,NA,NA,NA,NA,NA,NA,NA,NA,NA,NA,NA,NA,NA,NA,NA,NA,NA,NA,NA,NA,NA,NA,NA,NA,NA,NA,NA,NA,NA,NA,NA,NA,NA,NA,NA,NA,NA,NA,NA,NA,NA,NA,NA,NA,NA,NA,NA,NA
Others,NA,NA,NA,NA,NA,NA,NA,NA,NA,NA,NA,NA,NA,NA,NA,NA,NA,NA,NA,NA,NA,NA,NA,NA,NA,NA,NA,NA,NA,NA,NA,NA,NA,NA,NA,NA,NA,NA,NA,NA,NA,NA,NA,NA,NA,NA,NA,NA,NA,NA,NA,NA,NA,NA,NA,NA,NA,NA,NA,NA,NA,NA,NA,NA,NA,NA,NA,NA,NA,NA,NA,NA,NA,NA,NA,NA,NA,NA,NA,NA,NA,NA,NA,NA,NA,NA,NA,NA,NA,NA,NA,NA,NA,NA,NA,NA,NA,NA,NA,NA,NA,NA,NA,NA,NA,NA,NA,NA,NA,NA,NA,NA,NA,NA,NA,NA,NA,NA,NA,NA,NA,NA,NA,NA,NA,110,NA,NA,NA,NA,NA,NA,NA,NA,NA,NA,NA,NA,NA,NA,2420.53,101.95,3.53,4.91,386.84,4.92,39.22,1.31,440.73,2963.21,8.66,4.49,9.68,2.37,94.82,120.01,3083.22,12.18,0.25,7.9,0.08,47.23,1.68,92.19,4.69,0,166.19,1027.06,93,75.06,35.01,110.07,NA,NA,NA,23.92,NA,50.9,935.76,567.88,314.41,1.18,303.17,262.57,297.26,2442,106,3,6,395,5,43,1,453,8,3,11,3,106,132,3133,10,0,7,0,47,2,100,5,0,171,1026,90,78,33,111,25,2500,116,3,5,384,5,41,1,421,7,3,12,4,107,134,3178,9,0,8,0,35,1,109,3,0,151,1011,100,73,35,105,26,NA
All-India,89082,6700,6507,16719,1888,383,80805,1354,203444,7475,2465,4724,14665,218096,5430,590,6609,154,1010,24883,24020,11230,587,991,0,0,26469,292302,665,36577,51,1387,690,10824,919,95970,7002,10369,21729,2193,444,86875,1665,226254,8223,2863,7155,18242,244495,8265,894,8179,147,1351,32480,32850,10010,611,954,0,0,29780,342383,800,42339,48,1210,742,10839,1238,105301,5979,10276,21754,1927,452,94882,1615,242198,7702,2655,6733,17090,259286,6966,811,6605,154,2295,29801,34360,10737,662,0,0,0,28458,361038,752,41481,41,1278,757,14941,1165,105232,5281,8743,22259,1574,436,93504,1754,238783,8831,3021,6487,18342,257128,4696,686,8030,148,1963,30940,34110,10340,592,0,317,912,26508,341200,657,45343,51,1305,684,15607,970,106645.54,95849.83,5541.8,9250.09,24259.51,1982.94,429.91,1830.65,43294.9,245790.28,3174.4,9526.31,1700.19,1605.9,3247.29,19254.09,265044.37,9713.9,1726.55,714.58,97.84,11860.84,503.94,7876.65,141.73,113.37,32749.39,352141.83,35902,11083.27,606.89,11690.16,NA,NA,NA,1208.78,305,774.03,29724.55,41555.38,1189.89,50.87,1492.14,655.06,14910.66,105482,86527,5445,9184,24173,2061,386,1613,42862,2807,7332,1961,1503,3546,17150,252021,7402,1870,828,76,10374,434,6282,155,90,27511,362333,34805,10618,508,11126,1197,104317,93501,4411,8057,21807,1793,365,1505,37939,2458,7169,2199,1603,3038,16468,252224,6771,1650,866,77,8592,331,6821,132,64,25304,352163,30147,9938,528,10466,1233,348
